taxon,n_samples,n_sites,total_samples,total_sites,pct_samples,pct_sites,family,order
Merluccius,1014,425,1614,527,62.8,80.6,Merlucciidae,Gadiformes
Tarletonbeania,655,309,1614,527,40.6,58.6,Myctophidae,Myctophiformes
Diaphus,597,297,1614,527,37,56.4,Myctophidae,Myctophiformes
Stenobrachius,570,293,1614,527,35.3,55.6,Myctophidae,Myctophiformes
Trachurus,536,280,1614,527,33.2,53.1,Carangidae,Carangiformes
Sardinops,489,249,1614,527,30.3,47.2,Clupeidae,Clupeiformes
Sebastes,422,231,1614,527,26.1,43.8,Sebastidae,Perciformes
Engraulis,423,199,1614,527,26.2,37.8,Engraulidae,Clupeiformes
Citharichthys,316,156,1614,527,19.6,29.6,Cyclopsettidae,Pleuronectiformes
Scomber,214,122,1614,527,13.3,23.1,Scombridae,Scombriformes
Lampanyctus,197,121,1614,527,12.2,23,Myctophidae,Myctophiformes
Tactostoma,176,108,1614,527,10.9,20.5,Stomiidae,Stomiiformes
Nansenia,169,107,1614,527,10.5,20.3,Microstomatidae,Argentiniformes
Clupea,179,105,1614,527,11.1,19.9,Clupeidae,Clupeiformes
Lipolagus,101,81,1614,527,6.3,15.4,Bathylagidae,Argentiniformes
Symbolophorus,137,80,1614,527,8.5,15.2,Myctophidae,Myctophiformes
Nannobrachium,107,76,1614,527,6.6,14.4,Myctophidae,Myctophiformes
Cololabis,131,72,1614,527,8.1,13.7,Belonidae,Beloniformes
Pseudobathylagus,104,65,1614,527,6.4,12.3,Bathylagidae,Argentiniformes
Icichthys,81,60,1614,527,5,11.4,Centrolophidae,Scombriformes
Pleuronectidae,99,54,1614,527,6.1,10.2,Pleuronectidae,Pleuronectiformes
Oncorhynchus,78,53,1614,527,4.8,10.1,Salmonidae,Salmoniformes
Thunnus,80,52,1614,527,5,9.9,Scombridae,Scombriformes
Prionace,67,48,1614,527,4.2,9.1,Carcharhinidae,Carcharhiniformes
Anoplopoma,68,46,1614,527,4.2,8.7,Anoplopomatidae,Perciformes
Cyclothone,59,38,1614,527,3.7,7.2,Gonostomatidae,Stomiiformes
Squalus,52,35,1614,527,3.2,6.6,Squalidae,Squaliformes
Trachipterus,45,35,1614,527,2.8,6.6,Trachipteridae,Lampriformes
Paralepididae,42,32,1614,527,2.6,6.1,Paralepididae,Aulopiformes
Beringraja,44,31,1614,527,2.7,5.9,Rajidae,Rajiformes
Lyopsetta,33,30,1614,527,2,5.7,Pleuronectidae,Pleuronectiformes
Leuroglossus,41,28,1614,527,2.5,5.3,Bathylagidae,Argentiniformes
Thaleichthys,57,28,1614,527,3.5,5.3,Osmeridae,Osmeriformes
Lamna,34,27,1614,527,2.1,5.1,Lamnidae,Lamniformes
Microstomus,45,26,1614,527,2.8,4.9,Pleuronectidae,Pleuronectiformes
Sebastidae,32,26,1614,527,2,4.9,Sebastidae,Perciformes
Bathylagidae,32,22,1614,527,2,4.2,Bathylagidae,Argentiniformes
Gadus,29,22,1614,527,1.8,4.2,Gadidae,Gadiformes
Mola,34,22,1614,527,2.1,4.2,Molidae,Tetraodontiformes
Apristurus,34,21,1614,527,2.1,4,Scyliorhinidae,Carcharhiniformes
Magnisudis,30,21,1614,527,1.9,4,Paralepididae,Aulopiformes
Protomyctophum,28,21,1614,527,1.7,4,Myctophidae,Myctophiformes
Anarrhichthys,24,20,1614,527,1.5,3.8,Anarhichadidae,Perciformes
Lycodes,25,18,1614,527,1.5,3.4,Zoarcidae,Perciformes
Sagamichthys,22,15,1614,527,1.4,2.8,Platytroctidae,Alepocephaliformes
Lycodapus,15,13,1614,527,0.9,2.5,Zoarcidae,Perciformes
Parvilux,16,13,1614,527,1,2.5,Myctophidae,Myctophiformes
Liparis,13,12,1614,527,0.8,2.3,Liparidae,Perciformes
Arctozenus,14,11,1614,527,0.9,2.1,Paralepididae,Aulopiformes
Hexagrammos,14,11,1614,527,0.9,2.1,Hexagrammidae,Perciformes
Artedius,17,9,1614,527,1.1,1.7,Cottidae,Perciformes
Ophiodon,10,9,1614,527,0.6,1.7,Hexagrammidae,Perciformes
Allosmerus,13,8,1614,527,0.8,1.5,Osmeridae,Osmeriformes
Bathylagoides,8,8,1614,527,0.5,1.5,Bathylagidae,Argentiniformes
Benthalbella,8,8,1614,527,0.5,1.5,Scopelarchidae,Aulopiformes
Ceratoscopelus,10,8,1614,527,0.6,1.5,Myctophidae,Myctophiformes
Isurus,9,8,1614,527,0.6,1.5,Lamnidae,Lamniformes
Alosa,9,7,1614,527,0.6,1.3,Clupeidae,Clupeiformes
Glyptocephalus,7,7,1614,527,0.4,1.3,Pleuronectidae,Pleuronectiformes
Hippoglossus,12,7,1614,527,0.7,1.3,Pleuronectidae,Pleuronectiformes
Nectoliparis,7,7,1614,527,0.4,1.3,Liparidae,Perciformes
Sternoptyx,9,7,1614,527,0.6,1.3,Sternoptychidae,Stomiiformes
Alopias,6,6,1614,527,0.4,1.1,Alopiidae,Lamniformes
Danaphos,6,6,1614,527,0.4,1.1,Sternoptychidae,Stomiiformes
Hydrolagus,6,6,1614,527,0.4,1.1,Chimaeridae,Chimaeriformes
Microgadus,8,6,1614,527,0.5,1.1,Gadidae,Gadiformes
Myctophidae,7,6,1614,527,0.4,1.1,Myctophidae,Myctophiformes
Scorpaenichthys,12,6,1614,527,0.7,1.1,Cottidae,Perciformes
Zoarcidae,9,6,1614,527,0.6,1.1,Zoarcidae,Perciformes
Atherinopsis,8,5,1614,527,0.5,0.9,Atherinopsidae,Atheriniformes
Chauliodus,5,5,1614,527,0.3,0.9,Stomiidae,Stomiiformes
Eopsetta,7,5,1614,527,0.4,0.9,Pleuronectidae,Pleuronectiformes
Holtbyrnia,6,5,1614,527,0.4,0.9,Platytroctidae,Alepocephaliformes
Icosteus,5,5,1614,527,0.3,0.9,Icosteidae,Scombriformes
Atheresthes,4,4,1614,527,0.2,0.8,Pleuronectidae,Pleuronectiformes
Careproctus,5,4,1614,527,0.3,0.8,Liparidae,Perciformes
Anoplarchus,3,3,1614,527,0.2,0.6,Stichaeidae,Perciformes
Cataetyx,7,3,1614,527,0.4,0.6,Bythitidae,Ophidiiformes
Galeorhinus,3,3,1614,527,0.2,0.6,Triakidae,Carcharhiniformes
Gobiesox,6,3,1614,527,0.4,0.6,Gobiesocidae,Blenniiformes
Hypomesus,5,3,1614,527,0.3,0.6,Osmeridae,Osmeriformes
Ictalurus,3,3,1614,527,0.2,0.6,Ictaluridae,Siluriformes
Labrisomus,3,3,1614,527,0.2,0.6,Labrisomidae,Blenniiformes
Lampadena,3,3,1614,527,0.2,0.6,Myctophidae,Myctophiformes
Lepidopsetta,3,3,1614,527,0.2,0.6,Pleuronectidae,Pleuronectiformes
Melanostigma,3,3,1614,527,0.2,0.6,Zoarcidae,Perciformes
Parmaturus,4,3,1614,527,0.2,0.6,Scyliorhinidae,Carcharhiniformes
Scopelosaurus,4,3,1614,527,0.2,0.6,Notosudidae,Aulopiformes
Xiphister,7,3,1614,527,0.4,0.6,Stichaeidae,Perciformes
Ammodytidae,2,2,1614,527,0.1,0.4,Ammodytidae,Uranoscopiformes
Anotopterus,2,2,1614,527,0.1,0.4,Alepisauridae,Aulopiformes
Ascelichthys,2,2,1614,527,0.1,0.4,Cottidae,Perciformes
Bolinichthys,2,2,1614,527,0.1,0.4,Myctophidae,Myctophiformes
Brama,2,2,1614,527,0.1,0.4,Bramidae,Scombriformes
Brosmophycis,2,2,1614,527,0.1,0.4,Bythitidae,Ophidiiformes
Cryptacanthodes,2,2,1614,527,0.1,0.4,Cryptacanthodidae,Perciformes
Gibbonsia,5,2,1614,527,0.3,0.4,Clinidae,Blenniiformes
Jordania,6,2,1614,527,0.4,0.4,Jordaniidae,Perciformes
Leptocottus,2,2,1614,527,0.1,0.4,Cottidae,Perciformes
Macrouridae,2,2,1614,527,0.1,0.4,Macrouridae,Gadiformes
Melamphaes,2,2,1614,527,0.1,0.4,Melamphaidae,Beryciformes
Oxylebius,4,2,1614,527,0.2,0.4,Hexagrammidae,Perciformes
Paralichthys,2,2,1614,527,0.1,0.4,Paralichthyidae,Pleuronectiformes
Paraliparis,2,2,1614,527,0.1,0.4,Liparidae,Perciformes
Peprilus,3,2,1614,527,0.2,0.4,Stromateidae,Scombriformes
Phytichthys,2,2,1614,527,0.1,0.4,Stichaeidae,Perciformes
Poroclinus,2,2,1614,527,0.1,0.4,Stichaeidae,Perciformes
Radulinus,2,2,1614,527,0.1,0.4,Cottidae,Perciformes
Ronquilus,2,2,1614,527,0.1,0.4,Bathymasteridae,Perciformes
Scopelogadus,2,2,1614,527,0.1,0.4,Melamphaidae,Beryciformes
Stomiidae,3,2,1614,527,0.2,0.4,Stomiidae,Stomiiformes
Symphurus,2,2,1614,527,0.1,0.4,Cynoglossidae,Pleuronectiformes
Tetragonurus,2,2,1614,527,0.1,0.4,Tetragonuridae,Scombriformes
Tetronarce,2,2,1614,527,0.1,0.4,Torpedinidae,Torpediniformes
Agonidae,2,1,1614,527,0.1,0.2,Agonidae,Perciformes
Argentina,1,1,1614,527,0.1,0.2,Argentinidae,Argentiniformes
Astronesthes,1,1,1614,527,0.1,0.2,Stomiidae,Stomiiformes
Bathyraja,1,1,1614,527,0.1,0.2,Arhynchobatidae,Rajiformes
Brachygenys,1,1,1614,527,0.1,0.2,Haemulidae,Lutjaniformes
Brevoortia,1,1,1614,527,0.1,0.2,Clupeidae,Clupeiformes
Chilara,1,1,1614,527,0.1,0.2,Ophidiidae,Ophidiiformes
Clinocottus,4,1,1614,527,0.2,0.2,Cottidae,Perciformes
Coryphaena,1,1,1614,527,0.1,0.2,Coryphaenidae,Carangiformes
Cottidae,3,1,1614,527,0.2,0.2,Cottidae,Perciformes
Electrona,1,1,1614,527,0.1,0.2,Myctophidae,Myctophiformes
Enophrys,1,1,1614,527,0.1,0.2,Cottidae,Perciformes
Gonostoma,1,1,1614,527,0.1,0.2,Gonostomatidae,Stomiiformes
Halichoeres,1,1,1614,527,0.1,0.2,Labridae,Labriformes
Hemilepidotus,1,1,1614,527,0.1,0.2,Cottidae,Perciformes
Icelinus,1,1,1614,527,0.1,0.2,Cottidae,Perciformes
Idiacanthus,2,1,1614,527,0.1,0.2,Stomiidae,Stomiiformes
Lycenchelys,2,1,1614,527,0.1,0.2,Zoarcidae,Perciformes
Microstoma,1,1,1614,527,0.1,0.2,Microstomatidae,Argentiniformes
Nemichthys,1,1,1614,527,0.1,0.2,Nemichthyidae,Anguilliformes
Odontopyxis,1,1,1614,527,0.1,0.2,Agonidae,Perciformes
Oligocottus,1,1,1614,527,0.1,0.2,Cottidae,Perciformes
Opostomias,3,1,1614,527,0.2,0.2,Stomiidae,Stomiiformes
Orthonopias,4,1,1614,527,0.2,0.2,Cottidae,Perciformes
Paralabrax,1,1,1614,527,0.1,0.2,Serranidae,Perciformes
Pholis,1,1,1614,527,0.1,0.2,Pholidae,Perciformes
Pleuronichthys,1,1,1614,527,0.1,0.2,Pleuronectidae,Pleuronectiformes
Poromitra,1,1,1614,527,0.1,0.2,Melamphaidae,Beryciformes
Rathbunella,1,1,1614,527,0.1,0.2,Bathymasteridae,Perciformes
Ruscarius,3,1,1614,527,0.2,0.2,Cottidae,Perciformes
Scombridae,1,1,1614,527,0.1,0.2,Scombridae,Scombriformes
Somniosus,1,1,1614,527,0.1,0.2,Somniosidae,Squaliformes
Spirinchus,1,1,1614,527,0.1,0.2,Osmeridae,Osmeriformes
Stichaeidae,1,1,1614,527,0.1,0.2,Stichaeidae,Perciformes
Syngnathus,1,1,1614,527,0.1,0.2,Syngnathidae,Syngnathiformes
Trichiuridae,2,1,1614,527,0.1,0.2,Trichiuridae,Scombriformes
Triphoturus,1,1,1614,527,0.1,0.2,Myctophidae,Myctophiformes
Agonopsis,0,0,1614,527,0,0,Agonidae,Perciformes
Apodichthys,0,0,1614,527,0,0,Pholidae,Perciformes
Bathyagonus,0,0,1614,527,0,0,Agonidae,Perciformes
Gadidae,0,0,1614,527,0,0,Gadidae,Gadiformes
Gasterosteus,0,0,1614,527,0,0,Gasterosteidae,Perciformes
Pholidae,0,0,1614,527,0,0,Pholidae,Perciformes
Plectobranchus,0,0,1614,527,0,0,Stichaeidae,Perciformes
Podothecus,0,0,1614,527,0,0,Agonidae,Perciformes
Serrivomer,0,0,1614,527,0,0,Serrivomeridae,Anguilliformes
